Workbook

Sheet 원본
A1: 자릿수 회차 | B1: 1 | C1: 2 | D1: 3 | E1: 4 | F1: 5 | G1: 6 | H1: + | J1: 핫 넘버수 | K1: 쿨 넘버수 | L1: 랜덤 번호 수
A2: 1 | B2: 10 | C2: 23 | D2: 29 | E2: 33 | F2: 37 | G2: 40 | H2: 16 | J2: =SUMPRODUCT(COUNTIFS(확률!$J$2:$J$46, 원본!B2:G2, 확률!$M$2:$M$46, "<=20")) | K2: =SUMPRODUCT(COUNTIFS(확률!$J$2:$J$46, 원본!B2:G2, 확률!$M$2:$M$46, ">=36")) | L2: =6-J2-K2
A3: 2 | B3: 9 | C3: 13 | D3: 21 | E3: 25 | F3: 32 | G3: 42 | H3: 2 | J3: =SUMPRODUCT(COUNTIFS(확률!$J$2:$J$46, 원본!B3:G3, 확률!$M$2:$M$46, "<=20")) | K3: =SUMPRODUCT(COUNTIFS(확률!$J$2:$J$46, 원본!B3:G3, 확률!$M$2:$M$46, ">=36")) | L3: =6-J3-K3
A4: 3 | B4: 11 | C4: 16 | D4: 19 | E4: 21 | F4: 27 | G4: 31 | H4: 30 | J4: =SUMPRODUCT(COUNTIFS(확률!$J$2:$J$46, 원본!B4:G4, 확률!$M$2:$M$46, "<=20")) | K4: =SUMPRODUCT(COUNTIFS(확률!$J$2:$J$46, 원본!B4:G4, 확률!$M$2:$M$46, ">=36")) | L4: =6-J4-K4
A5: 4 | B5: 14 | C5: 27 | D5: 30 | E5: 31 | F5: 40 | G5: 42 | H5: 2 | J5: =SUMPRODUCT(COUNTIFS(확률!$J$2:$J$46, 원본!B5:G5, 확률!$M$2:$M$46, "<=20")) | K5: =SUMPRODUCT(COUNTIFS(확률!$J$2:$J$46, 원본!B5:G5, 확률!$M$2:$M$46, ">=36")) | L5: =6-J5-K5
A6: 5 | B6: 16 | C6: 24 | D6: 29 | E6: 40 | F6: 41 | G6: 42 | H6: 3 | J6: =SUMPRODUCT(COUNTIFS(확률!$J$2:$J$46, 원본!B6:G6, 확률!$M$2:$M$46, "<=20")) | K6: =SUMPRODUCT(COUNTIFS(확률!$J$2:$J$46, 원본!B6:G6, 확률!$M$2:$M$46, ">=36")) | L6: =6-J6-K6
A7: 6 | B7: 14 | C7: 15 | D7: 26 | E7: 27 | F7: 40 | G7: 42 | H7: 34 | J7: =SUMPRODUCT(COUNTIFS(확률!$J$2:$J$46, 원본!B7:G7, 확률!$M$2:$M$46, "<=20")) | K7: =SUMPRODUCT(COUNTIFS(확률!$J$2:$J$46, 원본!B7:G7, 확률!$M$2:$M$46, ">=36")) | L7: =6-J7-K7
A8: 7 | B8: 2 | C8: 9 | D8: 16 | E8: 24 | F8: 26 | G8: 40 | H8: 42 | J8: =SUMPRODUCT(COUNTIFS(확률!$J$2:$J$46, 원본!B8:G8, 확률!$M$2:$M$46, "<=20")) | K8: =SUMPRODUCT(COUNTIFS(확률!$J$2:$J$46, 원본!B8:G8, 확률!$M$2:$M$46, ">=36")) | L8: =6-J8-K8
A9: 8 | B9: 8 | C9: 19 | D9: 25 | E9: 34 | F9: 37 | G9: 39 | H9: 9 | J9: =SUMPRODUCT(COUNTIFS(확률!$J$2:$J$46, 원본!B9:G9, 확률!$M$2:$M$46, "<=20")) | K9: =SUMPRODUCT(COUNTIFS(확률!$J$2:$J$46, 원본!B9:G9, 확률!$M$2:$M$46, ">=36")) | L9: =6-J9-K9
A10: 9 | B10: 2 | C10: 4 | D10: 16 | E10: 17 | F10: 36 | G10: 39 | H10: 14 | J10: =SUMPRODUCT(COUNTIFS(확률!$J$2:$J$46, 원본!B10:G10, 확률!$M$2:$M$46, "<=20")) | K10: =SUMPRODUCT(COUNTIFS(확률!$J$2:$J$46, 원본!B10:G10, 확률!$M$2:$M$46, ">=36")) | L10: =6-J10-K10
A11: 10 | B11: 9 | C11: 25 | D11: 30 | E11: 33 | F11: 41 | G11: 44 | H11: 6 | J11: =SUMPRODUCT(COUNTIFS(확률!$J$2:$J$46, 원본!B11:G11, 확률!$M$2:$M$46, "<=20")) | K11: =SUMPRODUCT(COUNTIFS(확률!$J$2:$J$46, 원본!B11:G11, 확률!$M$2:$M$46, ">=36")) | L11: =6-J11-K11
A12: 11 | B12: 1 | C12: 7 | D12: 36 | E12: 37 | F12: 41 | G12: 42 | H12: 14 | J12: =SUMPRODUCT(COUNTIFS(확률!$J$2:$J$46, 원본!B12:G12, 확률!$M$2:$M$46, "<=20")) | K12: =SUMPRODUCT(COUNTIFS(확률!$J$2:$J$46, 원본!B12:G12, 확률!$M$2:$M$46, ">=36")) | L12: =6-J12-K12
A13: 12 | B13: 2 | C13: 11 | D13: 21 | E13: 25 | F13: 39 | G13: 45 | H13: 44 | J13: =SUMPRODUCT(COUNTIFS(확률!$J$2:$J$46, 원본!B13:G13, 확률!$M$2:$M$46, "<=20")) | K13: =SUMPRODUCT(COUNTIFS(확률!$J$2:$J$46, 원본!B13:G13, 확률!$M$2:$M$46, ">=36")) | L13: =6-J13-K13
... A1246: 1245 | B1246: 4 | C1246: 5 | D1246: 25 | E1246: 28 | F1246: 32 | G1246: 42 | H1246: 12 | J1246: =SUMPRODUCT(COUNTIFS(확률!$J$2:$J$46, 원본!B1246:G1246, 확률!$M$2:$M$46, "<=20")) | K1246: =SUMPRODUCT(COUNTIFS(확률!$J$2:$J$46, 원본!B1246:G1246, 확률!$M$2:$M$46, ">=36")) | L1246: =6-J1246-K1246
J1247: =SUMPRODUCT(COUNTIFS(확률!$J$2:$J$46, 원본!B1247:G1247, 확률!$M$2:$M$46, "<=20")) | K1247: =SUMPRODUCT(COUNTIFS(확률!$J$2:$J$46, 원본!B1247:G1247, 확률!$M$2:$M$46, ">=36")) | L1247: =6-J1247-K1247
J1248: =SUMPRODUCT(COUNTIFS(확률!$J$2:$J$46, 원본!B1248:G1248, 확률!$M$2:$M$46, "<=20")) | K1248: =SUMPRODUCT(COUNTIFS(확률!$J$2:$J$46, 원본!B1248:G1248, 확률!$M$2:$M$46, ">=36")) | L1248: =6-J1248-K1248
J1249: =SUMPRODUCT(COUNTIFS(확률!$J$2:$J$46, 원본!B1249:G1249, 확률!$M$2:$M$46, "<=20")) | K1249: =SUMPRODUCT(COUNTIFS(확률!$J$2:$J$46, 원본!B1249:G1249, 확률!$M$2:$M$46, ">=36")) | L1249: =6-J1249-K1249
J1250: =SUMPRODUCT(COUNTIFS(확률!$J$2:$J$46, 원본!B1250:G1250, 확률!$M$2:$M$46, "<=20")) | K1250: =SUMPRODUCT(COUNTIFS(확률!$J$2:$J$46, 원본!B1250:G1250, 확률!$M$2:$M$46, ">=36")) | L1250: =6-J1250-K1250
J1251: =SUMPRODUCT(COUNTIFS(확률!$J$2:$J$46, 원본!B1251:G1251, 확률!$M$2:$M$46, "<=20")) | K1251: =SUMPRODUCT(COUNTIFS(확률!$J$2:$J$46, 원본!B1251:G1251, 확률!$M$2:$M$46, ">=36")) | L1251: =6-J1251-K1251
J1252: =SUMPRODUCT(COUNTIFS(확률!$J$2:$J$46, 원본!B1252:G1252, 확률!$M$2:$M$46, "<=20")) | K1252: =SUMPRODUCT(COUNTIFS(확률!$J$2:$J$46, 원본!B1252:G1252, 확률!$M$2:$M$46, ">=36")) | L1252: =6-J1252-K1252
J1253: =SUMPRODUCT(COUNTIFS(확률!$J$2:$J$46, 원본!B1253:G1253, 확률!$M$2:$M$46, "<=20")) | K1253: =SUMPRODUCT(COUNTIFS(확률!$J$2:$J$46, 원본!B1253:G1253, 확률!$M$2:$M$46, ">=36")) | L1253: =6-J1253-K1253
J1254: =SUMPRODUCT(COUNTIFS(확률!$J$2:$J$46, 원본!B1254:G1254, 확률!$M$2:$M$46, "<=20")) | K1254: =SUMPRODUCT(COUNTIFS(확률!$J$2:$J$46, 원본!B1254:G1254, 확률!$M$2:$M$46, ">=36")) | L1254: =6-J1254-K1254
J1255: =SUMPRODUCT(COUNTIFS(확률!$J$2:$J$46, 원본!B1255:G1255, 확률!$M$2:$M$46, "<=20")) | K1255: =SUMPRODUCT(COUNTIFS(확률!$J$2:$J$46, 원본!B1255:G1255, 확률!$M$2:$M$46, ">=36")) | L1255: =6-J1255-K1255
J1256: =SUMPRODUCT(COUNTIFS(확률!$J$2:$J$46, 원본!B1256:G1256, 확률!$M$2:$M$46, "<=20")) | K1256: =SUMPRODUCT(COUNTIFS(확률!$J$2:$J$46, 원본!B1256:G1256, 확률!$M$2:$M$46, ">=36")) | L1256: =6-J1256-K1256
J1257: =SUMPRODUCT(COUNTIFS(확률!$J$2:$J$46, 원본!B1257:G1257, 확률!$M$2:$M$46, "<=20")) | K1257: =SUMPRODUCT(COUNTIFS(확률!$J$2:$J$46, 원본!B1257:G1257, 확률!$M$2:$M$46, ">=36")) | L1257: =6-J1257-K1257
J1258: =SUMPRODUCT(COUNTIFS(확률!$J$2:$J$46, 원본!B1258:G1258, 확률!$M$2:$M$46, "<=20")) | K1258: =SUMPRODUCT(COUNTIFS(확률!$J$2:$J$46, 원본!B1258:G1258, 확률!$M$2:$M$46, ">=36")) | L1258: =6-J1258-K1258
... J1301: =SUMPRODUCT(COUNTIFS(확률!$J$2:$J$46, 원본!B1301:G1301, 확률!$M$2:$M$46, "<=20")) | K1301: =SUMPRODUCT(COUNTIFS(확률!$J$2:$J$46, 원본!B1301:G1301, 확률!$M$2:$M$46, ">=36")) | L1301: =6-J1301-K1301

Sheet 확률
B1: 1 | C1: 2 | D1: 3 | E1: 4 | F1: 5 | G1: 6 | H1: + | J1: 번호 | K1: 출현 횟수 | M1: 출현 순위
A2: 1 | B2: =IF(COUNTIF(원본!$B$2:$B$10000,$A2)=0," ",COUNTIF(원본!$B$2:$B$10000,$A2)) | C2: =IF(COUNTIF(원본!$C$2:$C$10000,$A2)=0," ",COUNTIF(원본!$C$2:$C$10000,$A2)) | D2: =IF(COUNTIF(원본!$D$2:$D$10000,$A2)=0," ",COUNTIF(원본!$D$2:$D$10000,$A2)) | E2: =IF(COUNTIF(원본!$E$2:$E$10000,$A2)=0," ",COUNTIF(원본!$E$2:$E$10000,$A2)) | F2: =IF(COUNTIF(원본!$F$2:$F$10000,$A2)=0," ",COUNTIF(원본!$F$2:$F$10000,$A2)) | G2: =IF(COUNTIF(원본!$G$2:$G$10000,$A2)=0," ",COUNTIF(원본!$G$2:$G$10000,$A2)) | H2: =IF(COUNTIF(원본!$H$2:$H$10000,$A2)=0," ",COUNTIF(원본!$H$2:$H$10000,$A2)) | J2: 1 | K2: =SUM(B2:G2) | L2: =K2/SUM($K$2:$K$46) | M2: =RANK(K2,$K$2:$K$46)
A3: 2 | B3: =IF(COUNTIF(원본!$B$2:$B$10000,$A3)=0," ",COUNTIF(원본!$B$2:$B$10000,$A3)) | C3: =IF(COUNTIF(원본!$C$2:$C$10000,$A3)=0," ",COUNTIF(원본!$C$2:$C$10000,$A3)) | D3: =IF(COUNTIF(원본!$D$2:$D$10000,$A3)=0," ",COUNTIF(원본!$D$2:$D$10000,$A3)) | E3: =IF(COUNTIF(원본!$E$2:$E$10000,$A3)=0," ",COUNTIF(원본!$E$2:$E$10000,$A3)) | F3: =IF(COUNTIF(원본!$F$2:$F$10000,$A3)=0," ",COUNTIF(원본!$F$2:$F$10000,$A3)) | G3: =IF(COUNTIF(원본!$G$2:$G$10000,$A3)=0," ",COUNTIF(원본!$G$2:$G$10000,$A3)) | H3: =IF(COUNTIF(원본!$H$2:$H$10000,$A3)=0," ",COUNTIF(원본!$H$2:$H$10000,$A3)) | J3: 2 | K3: =SUM(B3:G3) | L3: =K3/SUM($K$2:$K$46) | M3: =RANK(K3,$K$2:$K$46)
A4: 3 | B4: =IF(COUNTIF(원본!$B$2:$B$10000,$A4)=0," ",COUNTIF(원본!$B$2:$B$10000,$A4)) | C4: =IF(COUNTIF(원본!$C$2:$C$10000,$A4)=0," ",COUNTIF(원본!$C$2:$C$10000,$A4)) | D4: =IF(COUNTIF(원본!$D$2:$D$10000,$A4)=0," ",COUNTIF(원본!$D$2:$D$10000,$A4)) | E4: =IF(COUNTIF(원본!$E$2:$E$10000,$A4)=0," ",COUNTIF(원본!$E$2:$E$10000,$A4)) | F4: =IF(COUNTIF(원본!$F$2:$F$10000,$A4)=0," ",COUNTIF(원본!$F$2:$F$10000,$A4)) | G4: =IF(COUNTIF(원본!$G$2:$G$10000,$A4)=0," ",COUNTIF(원본!$G$2:$G$10000,$A4)) | H4: =IF(COUNTIF(원본!$H$2:$H$10000,$A4)=0," ",COUNTIF(원본!$H$2:$H$10000,$A4)) | J4: 3 | K4: =SUM(B4:G4) | L4: =K4/SUM($K$2:$K$46) | M4: =RANK(K4,$K$2:$K$46)
A5: 4 | B5: =IF(COUNTIF(원본!$B$2:$B$10000,$A5)=0," ",COUNTIF(원본!$B$2:$B$10000,$A5)) | C5: =IF(COUNTIF(원본!$C$2:$C$10000,$A5)=0," ",COUNTIF(원본!$C$2:$C$10000,$A5)) | D5: =IF(COUNTIF(원본!$D$2:$D$10000,$A5)=0," ",COUNTIF(원본!$D$2:$D$10000,$A5)) | E5: =IF(COUNTIF(원본!$E$2:$E$10000,$A5)=0," ",COUNTIF(원본!$E$2:$E$10000,$A5)) | F5: =IF(COUNTIF(원본!$F$2:$F$10000,$A5)=0," ",COUNTIF(원본!$F$2:$F$10000,$A5)) | G5: =IF(COUNTIF(원본!$G$2:$G$10000,$A5)=0," ",COUNTIF(원본!$G$2:$G$10000,$A5)) | H5: =IF(COUNTIF(원본!$H$2:$H$10000,$A5)=0," ",COUNTIF(원본!$H$2:$H$10000,$A5)) | J5: 4 | K5: =SUM(B5:G5) | L5: =K5/SUM($K$2:$K$46) | M5: =RANK(K5,$K$2:$K$46)
A6: 5 | B6: =IF(COUNTIF(원본!$B$2:$B$10000,$A6)=0," ",COUNTIF(원본!$B$2:$B$10000,$A6)) | C6: =IF(COUNTIF(원본!$C$2:$C$10000,$A6)=0," ",COUNTIF(원본!$C$2:$C$10000,$A6)) | D6: =IF(COUNTIF(원본!$D$2:$D$10000,$A6)=0," ",COUNTIF(원본!$D$2:$D$10000,$A6)) | E6: =IF(COUNTIF(원본!$E$2:$E$10000,$A6)=0," ",COUNTIF(원본!$E$2:$E$10000,$A6)) | F6: =IF(COUNTIF(원본!$F$2:$F$10000,$A6)=0," ",COUNTIF(원본!$F$2:$F$10000,$A6)) | G6: =IF(COUNTIF(원본!$G$2:$G$10000,$A6)=0," ",COUNTIF(원본!$G$2:$G$10000,$A6)) | H6: =IF(COUNTIF(원본!$H$2:$H$10000,$A6)=0," ",COUNTIF(원본!$H$2:$H$10000,$A6)) | J6: 5 | K6: =SUM(B6:G6) | L6: =K6/SUM($K$2:$K$46) | M6: =RANK(K6,$K$2:$K$46)
A7: 6 | B7: =IF(COUNTIF(원본!$B$2:$B$10000,$A7)=0," ",COUNTIF(원본!$B$2:$B$10000,$A7)) | C7: =IF(COUNTIF(원본!$C$2:$C$10000,$A7)=0," ",COUNTIF(원본!$C$2:$C$10000,$A7)) | D7: =IF(COUNTIF(원본!$D$2:$D$10000,$A7)=0," ",COUNTIF(원본!$D$2:$D$10000,$A7)) | E7: =IF(COUNTIF(원본!$E$2:$E$10000,$A7)=0," ",COUNTIF(원본!$E$2:$E$10000,$A7)) | F7: =IF(COUNTIF(원본!$F$2:$F$10000,$A7)=0," ",COUNTIF(원본!$F$2:$F$10000,$A7)) | G7: =IF(COUNTIF(원본!$G$2:$G$10000,$A7)=0," ",COUNTIF(원본!$G$2:$G$10000,$A7)) | H7: =IF(COUNTIF(원본!$H$2:$H$10000,$A7)=0," ",COUNTIF(원본!$H$2:$H$10000,$A7)) | J7: 6 | K7: =SUM(B7:G7) | L7: =K7/SUM($K$2:$K$46) | M7: =RANK(K7,$K$2:$K$46)
A8: 7 | B8: =IF(COUNTIF(원본!$B$2:$B$10000,$A8)=0," ",COUNTIF(원본!$B$2:$B$10000,$A8)) | C8: =IF(COUNTIF(원본!$C$2:$C$10000,$A8)=0," ",COUNTIF(원본!$C$2:$C$10000,$A8)) | D8: =IF(COUNTIF(원본!$D$2:$D$10000,$A8)=0," ",COUNTIF(원본!$D$2:$D$10000,$A8)) | E8: =IF(COUNTIF(원본!$E$2:$E$10000,$A8)=0," ",COUNTIF(원본!$E$2:$E$10000,$A8)) | F8: =IF(COUNTIF(원본!$F$2:$F$10000,$A8)=0," ",COUNTIF(원본!$F$2:$F$10000,$A8)) | G8: =IF(COUNTIF(원본!$G$2:$G$10000,$A8)=0," ",COUNTIF(원본!$G$2:$G$10000,$A8)) | H8: =IF(COUNTIF(원본!$H$2:$H$10000,$A8)=0," ",COUNTIF(원본!$H$2:$H$10000,$A8)) | J8: 7 | K8: =SUM(B8:G8) | L8: =K8/SUM($K$2:$K$46) | M8: =RANK(K8,$K$2:$K$46)
A9: 8 | B9: =IF(COUNTIF(원본!$B$2:$B$10000,$A9)=0," ",COUNTIF(원본!$B$2:$B$10000,$A9)) | C9: =IF(COUNTIF(원본!$C$2:$C$10000,$A9)=0," ",COUNTIF(원본!$C$2:$C$10000,$A9)) | D9: =IF(COUNTIF(원본!$D$2:$D$10000,$A9)=0," ",COUNTIF(원본!$D$2:$D$10000,$A9)) | E9: =IF(COUNTIF(원본!$E$2:$E$10000,$A9)=0," ",COUNTIF(원본!$E$2:$E$10000,$A9)) | F9: =IF(COUNTIF(원본!$F$2:$F$10000,$A9)=0," ",COUNTIF(원본!$F$2:$F$10000,$A9)) | G9: =IF(COUNTIF(원본!$G$2:$G$10000,$A9)=0," ",COUNTIF(원본!$G$2:$G$10000,$A9)) | H9: =IF(COUNTIF(원본!$H$2:$H$10000,$A9)=0," ",COUNTIF(원본!$H$2:$H$10000,$A9)) | J9: 8 | K9: =SUM(B9:G9) | L9: =K9/SUM($K$2:$K$46) | M9: =RANK(K9,$K$2:$K$46)
A10: 9 | B10: =IF(COUNTIF(원본!$B$2:$B$10000,$A10)=0," ",COUNTIF(원본!$B$2:$B$10000,$A10)) | C10: =IF(COUNTIF(원본!$C$2:$C$10000,$A10)=0," ",COUNTIF(원본!$C$2:$C$10000,$A10)) | D10: =IF(COUNTIF(원본!$D$2:$D$10000,$A10)=0," ",COUNTIF(원본!$D$2:$D$10000,$A10)) | E10: =IF(COUNTIF(원본!$E$2:$E$10000,$A10)=0," ",COUNTIF(원본!$E$2:$E$10000,$A10)) | F10: =IF(COUNTIF(원본!$F$2:$F$10000,$A10)=0," ",COUNTIF(원본!$F$2:$F$10000,$A10)) | G10: =IF(COUNTIF(원본!$G$2:$G$10000,$A10)=0," ",COUNTIF(원본!$G$2:$G$10000,$A10)) | H10: =IF(COUNTIF(원본!$H$2:$H$10000,$A10)=0," ",COUNTIF(원본!$H$2:$H$10000,$A10)) | J10: 9 | K10: =SUM(B10:G10) | L10: =K10/SUM($K$2:$K$46) | M10: =RANK(K10,$K$2:$K$46)
A11: 10 | B11: =IF(COUNTIF(원본!$B$2:$B$10000,$A11)=0," ",COUNTIF(원본!$B$2:$B$10000,$A11)) | C11: =IF(COUNTIF(원본!$C$2:$C$10000,$A11)=0," ",COUNTIF(원본!$C$2:$C$10000,$A11)) | D11: =IF(COUNTIF(원본!$D$2:$D$10000,$A11)=0," ",COUNTIF(원본!$D$2:$D$10000,$A11)) | E11: =IF(COUNTIF(원본!$E$2:$E$10000,$A11)=0," ",COUNTIF(원본!$E$2:$E$10000,$A11)) | F11: =IF(COUNTIF(원본!$F$2:$F$10000,$A11)=0," ",COUNTIF(원본!$F$2:$F$10000,$A11)) | G11: =IF(COUNTIF(원본!$G$2:$G$10000,$A11)=0," ",COUNTIF(원본!$G$2:$G$10000,$A11)) | H11: =IF(COUNTIF(원본!$H$2:$H$10000,$A11)=0," ",COUNTIF(원본!$H$2:$H$10000,$A11)) | J11: 10 | K11: =SUM(B11:G11) | L11: =K11/SUM($K$2:$K$46) | M11: =RANK(K11,$K$2:$K$46)
A12: 11 | B12: =IF(COUNTIF(원본!$B$2:$B$10000,$A12)=0," ",COUNTIF(원본!$B$2:$B$10000,$A12)) | C12: =IF(COUNTIF(원본!$C$2:$C$10000,$A12)=0," ",COUNTIF(원본!$C$2:$C$10000,$A12)) | D12: =IF(COUNTIF(원본!$D$2:$D$10000,$A12)=0," ",COUNTIF(원본!$D$2:$D$10000,$A12)) | E12: =IF(COUNTIF(원본!$E$2:$E$10000,$A12)=0," ",COUNTIF(원본!$E$2:$E$10000,$A12)) | F12: =IF(COUNTIF(원본!$F$2:$F$10000,$A12)=0," ",COUNTIF(원본!$F$2:$F$10000,$A12)) | G12: =IF(COUNTIF(원본!$G$2:$G$10000,$A12)=0," ",COUNTIF(원본!$G$2:$G$10000,$A12)) | H12: =IF(COUNTIF(원본!$H$2:$H$10000,$A12)=0," ",COUNTIF(원본!$H$2:$H$10000,$A12)) | J12: 11 | K12: =SUM(B12:G12) | L12: =K12/SUM($K$2:$K$46) | M12: =RANK(K12,$K$2:$K$46)
A13: 12 | B13: =IF(COUNTIF(원본!$B$2:$B$10000,$A13)=0," ",COUNTIF(원본!$B$2:$B$10000,$A13)) | C13: =IF(COUNTIF(원본!$C$2:$C$10000,$A13)=0," ",COUNTIF(원본!$C$2:$C$10000,$A13)) | D13: =IF(COUNTIF(원본!$D$2:$D$10000,$A13)=0," ",COUNTIF(원본!$D$2:$D$10000,$A13)) | E13: =IF(COUNTIF(원본!$E$2:$E$10000,$A13)=0," ",COUNTIF(원본!$E$2:$E$10000,$A13)) | F13: =IF(COUNTIF(원본!$F$2:$F$10000,$A13)=0," ",COUNTIF(원본!$F$2:$F$10000,$A13)) | G13: =IF(COUNTIF(원본!$G$2:$G$10000,$A13)=0," ",COUNTIF(원본!$G$2:$G$10000,$A13)) | H13: =IF(COUNTIF(원본!$H$2:$H$10000,$A13)=0," ",COUNTIF(원본!$H$2:$H$10000,$A13)) | J13: 12 | K13: =SUM(B13:G13) | L13: =K13/SUM($K$2:$K$46) | M13: =RANK(K13,$K$2:$K$46)
... A46: 45 | B46: =IF(COUNTIF(원본!$B$2:$B$10000,$A46)=0," ",COUNTIF(원본!$B$2:$B$10000,$A46)) | C46: =IF(COUNTIF(원본!$C$2:$C$10000,$A46)=0," ",COUNTIF(원본!$C$2:$C$10000,$A46)) | D46: =IF(COUNTIF(원본!$D$2:$D$10000,$A46)=0," ",COUNTIF(원본!$D$2:$D$10000,$A46)) | E46: =IF(COUNTIF(원본!$E$2:$E$10000,$A46)=0," ",COUNTIF(원본!$E$2:$E$10000,$A46)) | F46: =IF(COUNTIF(원본!$F$2:$F$10000,$A46)=0," ",COUNTIF(원본!$F$2:$F$10000,$A46)) | G46: =IF(COUNTIF(원본!$G$2:$G$10000,$A46)=0," ",COUNTIF(원본!$G$2:$G$10000,$A46)) | H46: =IF(COUNTIF(원본!$H$2:$H$10000,$A46)=0," ",COUNTIF(원본!$H$2:$H$10000,$A46)) | J46: 45 | K46: =SUM(B46:G46) | L46: =K46/SUM($K$2:$K$46) | M46: =RANK(K46,$K$2:$K$46)
J47: 계 | K47: =SUM(K2:K46) | L47: =K47/SUM($K$2:$K$46)
